tissue_site,cell_type_clean,Cell_subtype,total_cells,n_sample_subtypes,mean_cells_per_sample,T_CELL_EXHAUSTION,CYTOTOXICITY,MYELOID_INFLAMMATION,MACROPHAGE_LIKE,EMT_INVASION,HYPOXIA,PROLIFERATION
advanced_airway_tumor,B lymphocytes,Follicular B cells,5495,10,549.5,0.010171759400457612,0.04384417866661104,0.1082058208336069,0.09988582553106318,0.19831282263166464,0.2402492749685574,0.10287458060779646
advanced_airway_tumor,B lymphocytes,GC B cells in the DZ,229,2,114.5,0.045924985737016755,0.0368397921607765,0.057907362130039816,0.08623580236427741,0.23582003546590344,0.7304793097565123,1.5691636989663182
advanced_airway_tumor,B lymphocytes,GC B cells in the LZ,147,2,73.5,0.05812111532834379,0.015892077510864314,0.06938336879285369,0.11805322377233221,0.12079657128078224,0.4248096228899083,0.3063886809198455
advanced_airway_tumor,B lymphocytes,MALT B cells,208,3,69.33333333333333,0.02004672980452804,0.0768886487517938,0.10939004852093348,0.12413496931090211,0.206429411735876,0.36281160734726575,0.3234591434192616
advanced_airway_tumor,B lymphocytes,Plasma cells,77,3,25.666666666666668,0.014845378765884654,0.08987706760964483,0.08297480832722386,0.12536374247556206,0.08441717416047573,0.13254996493059626,0.010647086188497882
advanced_airway_tumor,B lymphocytes,Undetermined,249,2,124.5,0.07407057023528234,0.251846853454145,0.07476056368061675,0.09499781192501,0.40325417830596716,0.36692643871746095,0.18052695750520625
advanced_airway_tumor,Epithelial cells,Malignant cells,9361,11,851.0,0.010919363555348949,0.06609563556246201,0.3990833545498507,0.19526393102482692,0.29082071639147666,1.006121663084574,0.3639065783884659
advanced_airway_tumor,Fibroblasts,Myofibroblasts,45,1,45.0,0.010808128222222223,0.07278164124444444,0.12308297224444444,0.1325517701111111,1.1962522233333333,0.5822930326666667,0.11004890646666667
advanced_airway_tumor,Myeloid cells,Alveolar Mac,46,1,46.0,0.11573221304347826,0.09323860328260869,1.269550740652174,2.436195606521739,0.6792436369565218,0.5759378930434782,0.3380787714347826
advanced_airway_tumor,Myeloid cells,CD163+CD14+ DCs,165,4,41.25,0.1120399807568358,0.07242939958545572,1.555709564329024,1.0951968234161926,0.634888790968649,0.8359628513825146,0.5069430843547188
advanced_airway_tumor,Myeloid cells,CD1c+ DCs,28,1,28.0,0.19326426821428572,0.05310036928571428,0.7453569335714285,0.4098502839285714,0.6071717242857143,0.6526294867857143,0.10613383982142857
advanced_airway_tumor,Myeloid cells,CD207+CD1a+ LCs,56,1,56.0,0.17630522026785714,0.021667307214285718,0.4281269079285714,0.5008214698214285,0.5898447776785715,0.7259780133928572,0.2927657525
advanced_airway_tumor,Myeloid cells,Monocytes,1046,9,116.22222222222223,0.042996428679178696,0.07778331208538779,2.9148461427344174,0.2249772115980909,0.6451604023417657,0.42422828678914226,0.13752677932085985
advanced_airway_tumor,Myeloid cells,Pleural Mac,42,1,42.0,0.17495251285714286,0.07772725397619047,0.8400919913333333,1.2246436226190476,0.6610844685714286,0.6566701852380953,0.12412628188095239
advanced_airway_tumor,Myeloid cells,Undetermined,712,9,79.11111111111111,0.06396225680993511,0.04563296507086678,0.4551476394220817,0.9039915683107085,0.5063023372139601,0.6429040446668507,0.22124765450836945
advanced_airway_tumor,Myeloid cells,mo-Mac,4301,11,391.0,0.10903171490349922,0.0835613105375799,1.2873672853425357,1.7554489517202578,0.6445454393943553,0.8287014941599465,0.22642626279508066
advanced_airway_tumor,NK cells,NK,854,7,122.0,0.1721732888355177,2.9528293909657584,0.1319564971347212,0.07889540834445705,0.3014311940073591,0.3641542126080995,0.15685896555656922
advanced_airway_tumor,T lymphocytes,CD4+ Th,703,7,100.42857142857143,0.14079225993961622,0.46708766707167776,0.11492882574463034,0.08295223118326278,0.40671244482493224,0.4887328917275706,0.16823297458728056
advanced_airway_tumor,T lymphocytes,CD8 low T,677,9,75.22222222222223,0.22795292888056742,1.4284757629362017,0.15019450376783283,0.10834269679697933,0.3659201022428682,0.41285849187155155,0.19292422221964436
advanced_airway_tumor,T lymphocytes,Cytotoxic CD8+ T,454,5,90.8,0.17814127408969346,2.0213120459086955,0.14792190488693577,0.07898264052013627,0.3782134502459254,0.40003636958645244,0.20844537604702498
advanced_airway_tumor,T lymphocytes,Exhausted CD8+ T,865,9,96.11111111111111,0.5159243764958645,1.7494412158321726,0.10416509454539341,0.09180201712534926,0.38652596138993295,0.5144122806108995,0.25609563106102246
advanced_airway_tumor,T lymphocytes,NK,189,6,31.5,0.23894543032196758,2.254481340511591,0.1373719502703026,0.10235290124636266,0.33058962150468557,0.45686668093971755,0.22606451515318512
advanced_airway_tumor,T lymphocytes,Naive CD4+ T,2151,10,215.1,0.06858957107325556,0.09920841006462189,0.10509596522650033,0.10299388434698362,0.30557232869497924,0.3724098207464457,0.14995538639065278
advanced_airway_tumor,T lymphocytes,Naive CD8+ T,317,7,45.285714285714285,0.19602096218799603,1.079777864748512,0.14415760217779194,0.09135918180945295,0.33074135775481855,0.38379325963534583,0.17388255685324547
advanced_airway_tumor,T lymphocytes,Treg,956,9,106.22222222222223,0.6038476738147389,0.19353361122010257,0.1137523120997544,0.10025793770184777,0.30415006574804754,0.5588071650011348,0.17509620631369513
advanced_airway_tumor,T lymphocytes,Undetermined,103,3,34.333333333333336,0.6004212817129629,1.0064664242466763,0.09197722208760684,0.10151380239078822,0.45555560973931625,0.7259427368566002,1.8387499999548906
non_smoker_lung,B lymphocytes,Follicular B cells,642,6,107.0,0.007660514796938742,0.023561962323352975,0.17638872815157144,0.22671171488355787,0.20039860657651332,0.25801402135043533,0.0994355855101633
non_smoker_lung,B lymphocytes,MALT B cells,299,4,74.75,0.0055619166077271985,0.01945883559323635,0.18208333995708975,0.1983724954243176,0.15067908951235043,0.22205354156008744,0.10914231348879208
non_smoker_lung,B lymphocytes,Plasma cells,287,2,143.5,0.003490942965629053,0.02496016747010376,0.03065153098080415,0.10815943420693905,0.06409863434130998,0.10644146399455251,0.031073319269844357
non_smoker_lung,Epithelial cells,Malignant cells,15423,10,1542.3,0.00636267891418741,0.03028712538989627,0.4098259687999585,0.20421989770257606,0.23307838789660815,0.9515382537260398,0.22227696431373492
non_smoker_lung,Fibroblasts,FB-like cells,168,3,56.0,0.008752648180076629,0.027059248761973177,0.29725477340161466,0.5222179877401477,1.2596683270607552,0.6731238681527093,0.19253669291502465
non_smoker_lung,Fibroblasts,Pericytes,181,4,45.25,0.005049671971726191,0.054171688696669294,0.18276418576352416,0.4771041864222864,1.058453067115546,0.5661509994161414,0.23785790325306372
non_smoker_lung,Fibroblasts,Tumor ECs,107,3,35.666666666666664,0.005987774024691358,0.012236049347001765,0.2385635186746032,0.16573417722354497,0.6932080148589065,0.6437929407561728,0.14486285688227515
non_smoker_lung,MAST cells,MAST,496,2,248.0,0.07600640956331169,0.03472890347077922,0.18719530662987013,0.3103587116964286,0.48230392539772726,0.3264086251818182,0.21895711501785714
non_smoker_lung,Myeloid cells,Alveolar Mac,125,2,62.5,0.04673921771545031,0.016855028717391304,1.558783264120083,2.09215832307971,0.6406061890062112,0.5759126012707039,0.3682491192748447
non_smoker_lung,Myeloid cells,CD163+CD14+ DCs,116,2,58.0,0.09047747148867799,0.07502056021694971,1.3495181226406925,1.070985728962704,0.5575542938195139,0.6417210997369297,0.22140141436346986
non_smoker_lung,Myeloid cells,Microglia/Mac,559,1,559.0,0.06833521002325582,0.018157398497316637,1.0398168314311271,2.1468127784973166,0.4674398436225403,0.5554259732558139,0.15198818871914133
non_smoker_lung,Myeloid cells,Monocytes,224,4,56.0,0.03800009021913781,0.035748244553372645,2.5411333320427527,0.3523645716537843,0.6226976516627132,0.5151695546682817,0.15807377228226907
non_smoker_lung,Myeloid cells,Pleural Mac,36,1,36.0,0.02268297888888889,0.030013128611111113,1.4706562630555555,1.1802014866666668,0.4215175047222222,0.5691569,0.15487496
non_smoker_lung,Myeloid cells,Undetermined,382,5,76.4,0.07170907900769971,0.039272436372875294,0.624665303361452,1.7727622519888413,0.3747580963889658,0.5295258901636107,0.21145390085322507
non_smoker_lung,Myeloid cells,mo-Mac,3942,10,394.2,0.09998926193895104,0.04525123965011346,1.0814468125835073,2.0643969246816125,0.5672701667513992,0.7011230556379945,0.2052627096166527
non_smoker_lung,NK cells,NK,255,4,63.75,0.19502307884572895,2.546324792345423,0.21810174790926293,0.19851626477563525,0.3093730908976978,0.4162524410806902,0.18300748601231304
non_smoker_lung,T lymphocytes,CD4+ Th,292,4,73.0,0.08797084752860392,0.4670253385835269,0.1975116284535346,0.2372324815913502,0.40790607573018633,0.5315002999488716,0.2086050169520491
non_smoker_lung,T lymphocytes,CD8 low T,46,2,23.0,0.1697358732761905,0.8689883649142858,0.2448551316761905,0.23623891256190477,0.23949046851428574,0.3473847072571429,0.17977121980952382
non_smoker_lung,T lymphocytes,CD8+/CD4+ Mixed Th,23,1,23.0,0.26629364826086954,0.5662003486956522,0.05189041782608696,0.18914328,0.21408689695652172,0.46498466304347824,0.16995463695652174
non_smoker_lung,T lymphocytes,Exhausted CD8+ T,324,5,64.8,0.428059488974906,1.547637371780283,0.14759590481624446,0.19975556023759586,0.2970307392463558,0.5076422865214602,0.3097688593711351
non_smoker_lung,T lymphocytes,Naive CD4+ T,224,4,56.0,0.06738573024618057,0.15899862249910449,0.28871107061921153,0.18755352185394458,0.31879259587234043,0.35987689452049976,0.17338319343441155
non_smoker_lung,T lymphocytes,Treg,320,7,45.714285714285715,0.4354630396585747,0.11462670340942904,0.18751410061455914,0.18922687056644927,0.28893265285580944,0.578649183030029,0.21432458160425533
non_smoker_lung,T lymphocytes,Undetermined,752,1,752.0,0.20248611509308512,0.6335957486835107,0.061195156223404254,0.1819885128537234,0.1837883925930851,0.33256029875,0.1956866219148936
normal_lung,B lymphocytes,Follicular B cells,285,8,35.625,0.016511634822528466,0.06649175005872698,0.08507713163966642,0.2771979230738191,0.21917609768305613,0.19449062054983246,0.1073816605156233
normal_lung,B lymphocytes,GrB-secreting B cells,106,4,26.5,0.050783687597584615,0.6290960146944737,0.07944826222952227,0.23440332125525312,0.45612107840350363,0.3315499164450543,0.16882854712858528
normal_lung,B lymphocytes,MALT B cells,24,1,24.0,0.00691094375,0.020527444041666666,0.0391722895,0.093084608375,0.306200104,0.15068110308333332,0.015664678208333335
normal_lung,Endothelial cells,EPCs,23,1,23.0,0.052294383695652175,1.1327043959130436,0.47125728,0.49024008417391307,0.6221031282608696,0.46889829330434785,0.15619386869565216
normal_lung,Endothelial cells,Lymphatic ECs,182,4,45.5,0.005469894273289773,0.09085740691186055,0.14244967587282936,0.23296636297344364,0.6439132219769632,0.39207285650888063,0.35657261848926186
normal_lung,Endothelial cells,Stalk-like ECs,258,5,51.6,0.006896282679323562,0.06324778262519133,0.08251733782962048,0.1867519141879263,0.6194877037103692,0.3224527904064779,0.19004365338092088
normal_lung,Endothelial cells,Tip-like ECs,611,7,87.28571428571429,0.001864786192081699,0.055470306704107984,0.09725729944005217,0.17802510149082038,0.5677399787286044,0.23472954010142774,0.12312537224295728
normal_lung,Epithelial cells,AT1,475,7,67.85714285714286,0.005482488146394153,0.08895069088465409,0.0948566907496468,0.2084674308179863,0.08833536847010212,0.6096442945830546,0.10271442495441141
normal_lung,Epithelial cells,AT2,2020,11,183.63636363636363,0.031607312505006493,0.11185588872264261,0.2291554939068826,0.3144006171862684,0.14213315371721127,0.46173623738756253,0.09214217055584079
normal_lung,Epithelial cells,Ciliated,629,8,78.625,0.030490111000893758,0.10726591634203735,0.17146143104233375,0.32906265939130697,0.15173958969461632,0.3343307964249509,0.2319559756382608
normal_lung,Epithelial cells,Club,386,6,64.33333333333333,0.016841551280617952,0.10732224363949334,0.33903476093922696,0.2689315780653521,0.1804635970684554,0.33678631389524893,0.08965987682314534
normal_lung,Fibroblasts,COL13A1+ matrix FBs,239,6,39.833333333333336,0.009850662407448817,0.05878503951410676,0.06769336377763181,0.25576762419071364,0.8013126102667195,0.3441446354253154,0.15976030021269463
normal_lung,Fibroblasts,COL14A1+ matrix FBs,1038,4,259.5,0.01775595030566146,0.06813747580582871,0.0853553117336277,0.18217277826156578,0.9466374581197498,0.45184209659182595,0.12523765740513926
normal_lung,Fibroblasts,Undetermined,108,4,27.0,0.0310221948838141,0.2860968041642628,0.22844646219679487,0.3326313124852564,0.6901132426208333,0.28187888579807696,0.10199503214006411
normal_lung,MAST cells,MAST,1079,11,98.0909090909091,0.044305387469613974,0.087196756649032,0.10180778202527568,0.26170147967384055,0.6546635523823233,0.23606445100782833,0.2870401001103397
normal_lung,Myeloid cells,Alveolar Mac,12211,11,1110.090909090909,0.08127350898517671,0.11453242492293204,1.067115801515257,2.395384667822704,0.7030365145991768,0.4660640285256349,0.22290809574079978
normal_lung,Myeloid cells,CD141+ DCs,32,1,32.0,0.206510158125,0.03708075375,0.093292768125,0.2900548828125,0.5757177046875,0.5343029878125,0.0520573389375
normal_lung,Myeloid cells,CD163+CD14+ DCs,58,1,58.0,0.07998758594827586,0.15504484300000002,1.0837323772413794,1.3116715291379308,0.7716761889655173,0.5967294567241379,0.24851469801724138
normal_lung,Myeloid cells,CD1c+ DCs,870,10,87.0,0.09147619959261423,0.08931095557894349,0.7880943264418105,0.6360215954386408,0.7087188146781789,0.5611108900977866,0.11276596113260688
normal_lung,Myeloid cells,Monocytes,2319,11,210.8181818181818,0.03051034941812879,0.1076569396481725,2.158320591762237,0.38551052601162433,0.6065589091457373,0.3886338013034811,0.07991723326097866
normal_lung,Myeloid cells,Pleural Mac,25,1,25.0,0.040380965799999995,0.025295600399999996,1.0454699808,0.8020834876,0.514088938,0.3595076208,0.06538313800000001
normal_lung,Myeloid cells,Undetermined,21,1,21.0,0.10236925428571428,0.04284562380952381,0.39139553095238094,1.5678973428571428,0.5413373266666667,0.3579029757142857,0.23305121714285715
normal_lung,Myeloid cells,mo-Mac,801,10,80.1,0.07580918812618966,0.10361379388655474,0.9000337227813076,1.980455274831284,0.6094818852798808,0.34420404615647265,0.18760369876504418
normal_lung,NK cells,NK,4195,11,381.3636363636364,0.18485173768767113,2.823412683897062,0.10849771392293976,0.25628042543172,0.3231321279792747,0.34115337896886394,0.15443941565536207
normal_lung,T lymphocytes,CD4+ Th,3101,11,281.90909090909093,0.09697268775589213,0.5087181389664895,0.10903707853179348,0.25182557971219843,0.48011343495247266,0.41210316306355155,0.1584612762483432
normal_lung,T lymphocytes,CD8 low T,651,11,59.18181818181818,0.1628551898708717,1.5838397841213234,0.11979608387948701,0.25641244227882626,0.37050808984967465,0.3428949632715511,0.17430690959601558
normal_lung,T lymphocytes,Cytotoxic CD8+ T,2028,11,184.36363636363637,0.18098956802453806,1.9154937123683644,0.11906996869481362,0.2644905563819917,0.38815887131727,0.36061033046593327,0.1795195164745382
normal_lung,T lymphocytes,Exhausted CD8+ T,70,2,35.0,0.2832584994666667,1.4450992663777775,0.07932454873333333,0.20758714173333334,0.4918989632444444,0.43431474151111116,0.2792807138222222
normal_lung,T lymphocytes,NK,544,10,54.4,0.2009600729574012,1.8943773867515283,0.10065992957158246,0.26943800195425033,0.38487447847334566,0.37583942728631037,0.19366118020718218
normal_lung,T lymphocytes,Naive CD4+ T,227,6,37.833333333333336,0.057685802740580196,0.12111993381062754,0.0910936424358047,0.20714872469223058,0.3371550223703225,0.32295331640187025,0.12035597385965725
normal_lung,T lymphocytes,Treg,102,4,25.5,0.4284224943500103,0.14504487586651585,0.05973703107131839,0.17549621076588853,0.36756962004997945,0.46656885938142745,0.15739506597788977
normal_lymph_node,B lymphocytes,Follicular B cells,8982,10,898.2,0.014172106312317561,0.017494598866348292,0.013833184929928327,0.03149046815527094,0.15658507168625432,0.1627103550265587,0.09289883187709033
normal_lymph_node,B lymphocytes,GC B cells in the DZ,149,5,29.8,0.041057616503968254,0.02605353044936508,0.024048416281825396,0.06396390278452381,0.13679172021777777,0.6215523472936508,1.6530117337452381
normal_lymph_node,B lymphocytes,GC B cells in the LZ,49,2,24.5,0.06221372223063973,0.011572220109427609,0.01520071393097643,0.025970226136363638,0.03217071170875421,0.2804344467845118,0.208775100513468
normal_lymph_node,B lymphocytes,MALT B cells,477,6,79.5,0.01095301546268501,0.03755737894393314,0.011677642434353736,0.07217378138743115,0.19469218891558993,0.15720405700028459,0.06615434062782242
normal_lymph_node,B lymphocytes,Plasma cells,462,8,57.75,0.010267279587484027,0.02403308897464254,0.00950498804660651,0.04703028638468078,0.07178092747135226,0.0785237133502768,0.02752876717144756
normal_lymph_node,B lymphocytes,Undetermined,204,5,40.8,0.11046683242340571,0.18366292589262523,0.023844653220918367,0.046137048654785094,0.24441326169378136,0.2818244566611543,0.1670366508476433
normal_lymph_node,Myeloid cells,Activated DCs,64,2,32.0,0.039153615375,0.017146694599999998,0.08860713479545455,0.14351923127272728,0.44875775590909095,0.3897459587045454,0.11097997823636363
normal_lymph_node,Myeloid cells,CD1c+ DCs,121,4,30.25,0.07594335623624214,0.032322658799724846,0.7542351905306603,0.24733103418011004,0.5048696228443397,0.48082072072130505,0.1667666922557783
normal_lymph_node,Myeloid cells,Undetermined,868,10,86.8,0.04072795359258191,0.022922030928272493,0.20849278309867056,0.7201209146487064,0.5135257565754758,0.37603586794853705,0.16552701695497202
normal_lymph_node,T lymphocytes,CD4+ Th,1151,9,127.88888888888889,0.09000929576630409,0.4004689173781161,0.02758015009087769,0.03171525534458495,0.3178270905680357,0.31555897791919985,0.16585231817164478
normal_lymph_node,T lymphocytes,CD8 low T,921,10,92.1,0.25079194321176196,0.8003812467896022,0.030726448741610173,0.025600534284304817,0.24289960042244663,0.27167542633333336,0.18110336581977787
normal_lymph_node,T lymphocytes,CD8+/CD4+ Mixed Th,36,1,36.0,0.15092390277777779,0.2566282788888889,0.027157414166666664,0.17924491666666667,0.31334724416666665,0.31865405416666664,0.1997844658333333
normal_lymph_node,T lymphocytes,Cytotoxic CD8+ T,113,4,28.25,0.26656346231345474,1.2787125894345868,0.04220845309537798,0.0118762087153349,0.33071408073061104,0.27235299233215826,0.17706213853701527
normal_lymph_node,T lymphocytes,Exhausted CD8+ T,120,5,24.0,0.4870165484572935,1.1839916356492188,0.020181888200489363,0.05515096448221344,0.2774780135751741,0.33318979287528705,0.2407146270315829
normal_lymph_node,T lymphocytes,NK,267,7,38.142857142857146,0.18713723431557158,1.7067256867532055,0.021945943944713674,0.04204118511008375,0.2191102647798968,0.2986889886424989,0.1566213462593999
normal_lymph_node,T lymphocytes,Naive CD4+ T,13713,10,1371.3,0.06514058869739513,0.05293553611288944,0.013716044409334474,0.02922025527653575,0.22130316889741025,0.2521356568423071,0.14143853986350527
normal_lymph_node,T lymphocytes,Naive CD8+ T,1317,10,131.7,0.2328803953177236,0.8859174867614948,0.03218939838103933,0.03279138072205877,0.22803955891962974,0.26089157448451833,0.165605138068883
normal_lymph_node,T lymphocytes,Treg,1516,10,151.6,0.4580054612880562,0.07779632136790433,0.015673174853991105,0.032491925794753254,0.21323260553491533,0.3522114729032233,0.18315630136245822
normal_lymph_node,T lymphocytes,Undetermined,82,3,27.333333333333332,0.26784414883491264,0.43361706979979564,0.018290801871943516,0.017024688947324413,0.41069776060776664,0.5948360462246377,1.3420396996752137
pleural_effusion,B lymphocytes,Follicular B cells,3019,5,603.8,0.0034176872276052866,0.03642248450993085,0.08344644017109668,0.027795482983117747,0.18197242947939035,0.2479783822469633,0.15933317494237273
pleural_effusion,B lymphocytes,MALT B cells,70,2,35.0,0.018566847544217686,0.09495441847959184,0.08996312081292517,0.036906090571428574,0.1574974396734694,0.36338679267687074,0.3175531933129252
pleural_effusion,B lymphocytes,Undetermined,119,2,59.5,0.06551042691071429,0.20981969510714282,0.040095612571428574,0.0010545541666666667,0.3030567150595238,0.45984565963095236,0.20047044393452382
pleural_effusion,Myeloid cells,Activated DCs,57,2,28.5,0.03481785365476191,0.05087901859325397,0.2035407170793651,0.11799195516071428,0.48418876660714283,0.697152567718254,0.13993232296031746
pleural_effusion,Myeloid cells,CD141+ DCs,21,1,21.0,0.142596096,0.1412468178095238,0.1482374739047619,0.05696737357142857,0.47810062761904765,0.5259139766666666,0.15911211361904762
pleural_effusion,Myeloid cells,Pleural Mac,2713,5,542.6,0.07040686169499392,0.06665226695485219,1.569007980359015,0.8077834224869813,0.5527458882711201,0.6922219973684592,0.13210142613564727
pleural_effusion,Myeloid cells,Undetermined,113,3,37.666666666666664,0.03084377752608311,0.06522397586648983,1.0625590500928384,0.549702443611848,0.39590186808576483,0.6692431036560565,0.2541587340495137
pleural_effusion,NK cells,CD8 low T,29,1,29.0,0.2719688375862069,1.9650984137931033,0.11430488413793104,0.060845295517241375,0.3186089751724138,0.4022641217241379,0.24671661586206897
pleural_effusion,NK cells,NK,514,5,102.8,0.12588210485632045,2.0282805269308977,0.08842854937090165,0.03201741163552218,0.28015025307495683,0.3811092277389304,0.19432317336151306
pleural_effusion,T lymphocytes,CD8 low T,1644,5,328.8,0.11598804454437543,0.6358310423692409,0.09332581487611771,0.028985252210435138,0.3404058874235155,0.43088971729557934,0.24269793567605347
pleural_effusion,T lymphocytes,Cytotoxic CD8+ T,98,3,32.666666666666664,0.227202367771836,1.559759170735294,0.08438368292335115,0.05087158680481283,0.3870178567566845,0.40000870137700534,0.25060707592335113
pleural_effusion,T lymphocytes,Exhausted CD8+ T,423,5,84.6,0.2904245663123387,1.3223382058545177,0.09681364064293846,0.03400565880664012,0.36733865852160574,0.4817694202877261,0.3312507116179275
pleural_effusion,T lymphocytes,Naive CD4+ T,4360,5,872.0,0.061251225682432554,0.07777541346155317,0.08451929818882917,0.02915746812878503,0.3086770192885372,0.4692980396703719,0.1866421455990508
pleural_effusion,T lymphocytes,Naive CD8+ T,1398,5,279.6,0.1589486108639721,0.8970104515915731,0.09485298384389598,0.0326696128384176,0.3248592024934315,0.37811135232060933,0.23485198475590513
pleural_effusion,T lymphocytes,Treg,513,4,128.25,0.2634329824721612,0.0956780810473212,0.09733527840144385,0.031723368744012964,0.29024958543056834,0.5062017976131628,0.26127453721912786
pleural_effusion,T lymphocytes,Undetermined,23,1,23.0,0.3605222689565218,0.9402602086956522,0.0959732352173913,0.04876537086956522,0.49646247260869564,0.705202887826087,1.9734716217391304
primary_tumor,B lymphocytes,Follicular B cells,3580,11,325.45454545454544,0.01614209629820025,0.02387139333463888,0.06325145743044062,0.13482193277856472,0.22469638294877886,0.20677569604622487,0.0906922746819785
primary_tumor,B lymphocytes,GC B cells in the DZ,51,1,51.0,0.044268501764705884,0.04438141625490196,0.08968878735294118,0.1300249635490196,0.19457197521568625,0.4759454088235294,1.8234604815686275
primary_tumor,B lymphocytes,GC B cells in the LZ,82,1,82.0,0.0779150898780488,0.03506199829268293,0.06903802317073171,0.14754797097560976,0.10387600414634146,0.27729190658536584,0.2870692812195122
primary_tumor,B lymphocytes,MALT B cells,1111,9,123.44444444444444,0.01289164475121668,0.05226253954788615,0.06814138196470826,0.14932035667553642,0.24188494257336657,0.18225047006762793,0.07397910537845294
primary_tumor,B lymphocytes,Plasma cells,283,5,56.6,0.006027998853959003,0.02838340098347788,0.049747611997015814,0.14635956806554884,0.09992665944783374,0.08665285732377175,0.017752083345759614
primary_tumor,B lymphocytes,Undetermined,62,2,31.0,0.13320994765756303,0.20777576669117648,0.06555605832983194,0.11858902988445379,0.34829795578781514,0.34114697847689074,0.18299120800420168
primary_tumor,Endothelial cells,Lymphatic ECs,42,1,42.0,0.014022869285714284,0.09002524052380953,0.043689693452380954,0.2803512769047619,0.7109904445238096,0.5023747788095237,0.4423286442857143
primary_tumor,Endothelial cells,Stalk-like ECs,85,2,42.5,0.0017379596666666666,0.02932519231818182,0.08313630984848484,0.18175191577272726,0.645441447378788,0.37600479437878787,0.2048510543939394
primary_tumor,Endothelial cells,Tip-like ECs,134,2,67.0,0.021922441583333334,0.024000962569819824,0.08758448406756757,0.20564797997522521,0.6344687895315315,0.285995474490991,0.19158709552702705
primary_tumor,Endothelial cells,Tumor ECs,211,5,42.2,0.005164533201092298,0.037685998112583795,0.07147202001280767,0.1999624758968394,0.7325616338750771,0.4293170682833292,0.18495490528315492
primary_tumor,Epithelial cells,tS1,3265,10,326.5,0.020427090945898934,0.039858738981456275,0.25467484718549027,0.1462371259937484,0.14593659822371402,0.584172968225692,0.1266196118520444
primary_tumor,Epithelial cells,tS2,3002,8,375.25,0.01623818827710916,0.04828473175493057,0.32620811085159107,0.18739735187089568,0.26242109512043477,0.8162404327804246,0.2550114734812731
primary_tumor,Epithelial cells,tS3,37,1,37.0,0.029340227756756758,0.02127467191891892,0.22818453875675676,0.22382643878378378,0.15225585372972975,0.4174484837837838,0.12219921570270272
primary_tumor,Fibroblasts,COL13A1+ matrix FBs,654,5,130.8,0.010952689961395121,0.02697698512565918,0.05188362217977305,0.3287569842860802,0.9886233138030878,0.4724304432587023,0.17452306986155616
primary_tumor,Fibroblasts,COL14A1+ matrix FBs,361,1,361.0,0.013431060709141275,0.04840817033240997,0.047953739506925205,0.360138095432133,1.29580756933518,0.5470245004155124,0.11562792084210526
primary_tumor,Fibroblasts,Myofibroblasts,185,2,92.5,0.013224070596315238,0.03546516349954104,0.0810045137486887,0.14862617398524783,1.3230954440125884,0.6338645630769735,0.16077793366876475
primary_tumor,Fibroblasts,Smooth muscle cells,92,3,30.666666666666668,0.005794141256127451,0.022463472615007543,0.06237075415252639,0.22436461578478506,0.878697839822304,0.46516257634426844,0.17300661458144795
primary_tumor,Fibroblasts,Undetermined,71,2,35.5,0.060104096424483305,0.16959158937519872,0.14673559764308428,0.3860038145727345,0.7777770312758346,0.3873014733624801,0.10789154020508743
primary_tumor,MAST cells,MAST,1809,11,164.45454545454547,0.06312113519349348,0.030768091851525074,0.06831472630277656,0.24632213016748253,0.6362544303324005,0.36444012390505054,0.26878341163109454
primary_tumor,Myeloid cells,Activated DCs,56,2,28.0,0.07717790881666667,0.071994421,0.12559024366944443,0.25326930604166664,0.6092957667777779,0.6160963925555556,0.12152343376666666
primary_tumor,Myeloid cells,Alveolar Mac,1280,6,213.33333333333334,0.06724333515051002,0.033464898827245945,1.1696980175062612,2.3133501206810094,0.6852200422850383,0.5557467902565366,0.26956486547081104
primary_tumor,Myeloid cells,CD163+CD14+ DCs,616,8,77.0,0.10336572509577628,0.0901919864599415,1.4171365767565234,1.0417120666735906,0.7059732070690362,0.7230199638645334,0.26147921830209764
primary_tumor,Myeloid cells,CD1c+ DCs,478,7,68.28571428571429,0.1183133222200107,0.06570446943882487,0.8324536398518374,0.4835894810904318,0.7317152967871562,0.6521477963815101,0.12745390648342264
primary_tumor,Myeloid cells,CD207+CD1a+ LCs,56,2,28.0,0.14414314240277779,0.03785822397222222,0.2953042771111111,0.275442251875,0.5376207369166667,0.6156664019166667,0.2719610125555556
primary_tumor,Myeloid cells,Monocytes,610,9,67.77777777777777,0.056200429707013916,0.07680660770797902,2.338518256062891,0.34369179897945523,0.6511616162472087,0.5512358503877051,0.08999976422437293
primary_tumor,Myeloid cells,Undetermined,455,9,50.55555555555556,0.035467942709782666,0.03429532452283795,0.47676199352798565,1.170330379656837,0.4706498689424051,0.4825413041315364,0.1851411534972533
primary_tumor,Myeloid cells,mo-Mac,4678,11,425.27272727272725,0.09355812962162123,0.040336764532263945,1.0227199077984528,2.1928865260614754,0.6406022209122827,0.5540369992838656,0.18499578166481462
primary_tumor,Myeloid cells,pDCs,66,3,22.0,0.031330337846477194,0.7064028511553423,0.06033867033659577,0.24464563991938015,0.42757129361158164,0.34743835449714533,0.254174144711086
primary_tumor,NK cells,NK,438,7,62.57142857142857,0.18127992489769457,2.789160982766678,0.10196232507233731,0.16933586970896816,0.32453945296240355,0.4199053653786941,0.15161121568492825
primary_tumor,T lymphocytes,CD4+ Th,3571,11,324.6363636363636,0.12610953892649418,0.45870626266803993,0.0765827874348267,0.1360515333545841,0.4456399986358884,0.44517866068156253,0.15381849565254244
primary_tumor,T lymphocytes,CD8 low T,763,10,76.3,0.2414167250996516,1.0625808509957833,0.08835290170715314,0.1543782385490565,0.36162094632644154,0.406290665555568,0.18218385654060557
primary_tumor,T lymphocytes,CD8+/CD4+ Mixed Th,2447,4,611.75,0.1950473235847019,0.5166313748034713,0.06824862225142793,0.10691174255885745,0.41471940943121294,0.47500356266356875,0.20391667894862295
primary_tumor,T lymphocytes,Cytotoxic CD8+ T,368,8,46.0,0.1880046083983591,1.7636479481631848,0.09517919099942339,0.17144654635882542,0.3725491170668081,0.43120838407656487,0.17672957637701284
primary_tumor,T lymphocytes,Exhausted CD8+ T,1746,10,174.6,0.37775552103402377,1.4421625970365597,0.07986157786664398,0.14904843253091682,0.44075997787159127,0.49093495290365974,0.22195381107448986
primary_tumor,T lymphocytes,Exhausted Tfh,320,1,320.0,0.60047848475,0.5025350107500001,0.10830883568750001,0.22250202015624998,0.44685146556250005,0.625998322375,0.2751946399375
primary_tumor,T lymphocytes,NK,177,3,59.0,0.20891766362687517,1.9495642202061403,0.025283225339435545,0.18323643202498094,0.40341410729697436,0.5032246813961353,0.1709820797280702
primary_tumor,T lymphocytes,Naive CD4+ T,1724,9,191.55555555555554,0.09866613315954648,0.11375206166501489,0.0897873619976696,0.13037784313552436,0.32552848980061494,0.3629573688790024,0.1478252423569693
primary_tumor,T lymphocytes,Naive CD8+ T,172,5,34.4,0.21479975971438153,0.9323572538726401,0.11007577704808783,0.1517230723831867,0.3366591599707737,0.3128072332846981,0.16616463234995413
primary_tumor,T lymphocytes,Treg,1608,11,146.1818181818182,0.4825862574520529,0.0947405566315853,0.07040109184821745,0.1411932522222036,0.3181689762789954,0.5132352708376775,0.18798363646854555
primary_tumor,T lymphocytes,Undetermined,185,4,46.25,0.3739080699868465,1.1816724732611554,0.08871844337870463,0.1783325211018981,0.5365371109512987,0.7102002766276224,1.7328210698179323
