sample,patient_id,tissue_site,cell_type_clean,n_cells,T_CELL_EXHAUSTION,CYTOTOXICITY,MYELOID_INFLAMMATION,MACROPHAGE_LIKE,EMT_INVASION,HYPOXIA,PROLIFERATION
BRONCHO_11,11,advanced_airway_tumor,B lymphocytes,1413,0.022680543,0.017810447,0.18503922,0.15873888,0.2553702,0.28920382,0.11891734
BRONCHO_11,11,advanced_airway_tumor,Epithelial cells,204,0.007684148,0.024944039,0.57571936,0.22066645,0.2743867,1.055002,0.34861085
BRONCHO_11,11,advanced_airway_tumor,Fibroblasts,10,0.0031356427,0.0,0.26470855,0.18035701,0.9049268,0.6816409,0.25513813
BRONCHO_11,11,advanced_airway_tumor,Myeloid cells,739,0.06595187,0.0418561,1.7155626,1.255519,0.7044388,1.0055301,0.12570722
BRONCHO_11,11,advanced_airway_tumor,NK cells,26,0.22982153,3.019288,0.2505226,0.17791691,0.375884,0.42244896,0.2584143
BRONCHO_11,11,advanced_airway_tumor,T lymphocytes,783,0.15567146,0.30026796,0.21497907,0.16867988,0.31976092,0.43224955,0.18964961
BRONCHO_11,11,advanced_airway_tumor,Undetermined,3,0.15828708,0.0,0.30028337,0.17737788,0.15405458,0.0,0.13056667
BRONCHO_58,58,advanced_airway_tumor,B lymphocytes,162,0.016891172,0.06454704,0.10301095,0.086945824,0.15462242,0.22653751,0.0890919
BRONCHO_58,58,advanced_airway_tumor,Epithelial cells,497,0.015504591,0.08290039,0.56925976,0.11843847,0.37191677,0.8939532,0.20365354
BRONCHO_58,58,advanced_airway_tumor,Fibroblasts,91,0.016624056,0.078753464,0.11956552,0.13736172,0.96601146,0.56911474,0.11147912
BRONCHO_58,58,advanced_airway_tumor,Myeloid cells,515,0.09514549,0.08987711,1.2542801,1.2922704,0.60702676,0.61623514,0.24872255
BRONCHO_58,58,advanced_airway_tumor,NK cells,135,0.16050436,2.975384,0.1365526,0.06265959,0.2687882,0.38820672,0.13053077
BRONCHO_58,58,advanced_airway_tumor,T lymphocytes,1411,0.39010108,0.93200433,0.114543736,0.07463973,0.3304679,0.45000926,0.20842858
BRONCHO_58,58,advanced_airway_tumor,Undetermined,2,0.0,0.0,0.0,0.0,0.0,0.0,0.12890781
EBUS_06,06,advanced_airway_tumor,B lymphocytes,111,0.0049385577,0.035398178,0.050950926,0.08185354,0.17606173,0.20762871,0.1276761
EBUS_06,06,advanced_airway_tumor,Epithelial cells,1197,0.0016725032,0.036439456,0.06810831,0.3825862,0.04509077,0.66310966,0.6338215
EBUS_06,06,advanced_airway_tumor,Fibroblasts,4,0.0,0.085807845,0.01951947,0.16281705,0.616086,0.57307637,0.21731451
EBUS_06,06,advanced_airway_tumor,Myeloid cells,380,0.07070885,0.046129838,2.0950897,1.0143304,0.5743801,0.3562682,0.1975442
EBUS_06,06,advanced_airway_tumor,NK cells,101,0.15471537,2.9851542,0.05442117,0.099218726,0.28827813,0.38697833,0.13880646
EBUS_06,06,advanced_airway_tumor,T lymphocytes,510,0.10429894,0.93181777,0.06651164,0.09443101,0.34887332,0.37150612,0.19686674
EBUS_10,10,advanced_airway_tumor,B lymphocytes,2366,0.020838287,0.030402567,0.10055334,0.08456041,0.15868586,0.29295266,0.21908611
EBUS_10,10,advanced_airway_tumor,Epithelial cells,400,0.007401422,0.032097638,0.7241391,0.1858979,0.16550349,1.0002135,0.45914876
EBUS_10,10,advanced_airway_tumor,Fibroblasts,12,0.0,0.011305527,0.10960684,0.22082193,1.0032178,0.47607756,0.14631729
EBUS_10,10,advanced_airway_tumor,Myeloid cells,835,0.09776242,0.05203061,1.4967176,1.3879768,0.62719345,0.7184136,0.2242264
EBUS_10,10,advanced_airway_tumor,NK cells,34,0.22953571,2.9919074,0.14014757,0.07613227,0.2767869,0.37670723,0.18721938
EBUS_10,10,advanced_airway_tumor,T lymphocytes,1496,0.33901107,0.6819774,0.099621676,0.088876635,0.27316922,0.45305184,0.2702971
EBUS_10,10,advanced_airway_tumor,Undetermined,1,0.0,0.0,0.4688522,0.0,0.0,0.0,0.0
EBUS_12,12,advanced_airway_tumor,B lymphocytes,176,0.014126363,0.04450591,0.109361716,0.20059018,0.18893686,0.24106592,0.08076783
EBUS_12,12,advanced_airway_tumor,Epithelial cells,262,0.0073552043,0.0110217035,0.64857703,0.31867588,0.4057253,1.0951751,0.3603407
EBUS_12,12,advanced_airway_tumor,Fibroblasts,13,0.02725671,0.022620209,0.20380092,0.2810238,1.3870685,0.5699865,0.19362052
EBUS_12,12,advanced_airway_tumor,Myeloid cells,2332,0.11634335,0.041527692,1.5291599,1.8301266,0.7171009,0.87900645,0.25685135
EBUS_12,12,advanced_airway_tumor,NK cells,22,0.18347675,3.0425467,0.17981674,0.3041422,0.41346502,0.46358597,0.1676726
EBUS_12,12,advanced_airway_tumor,T lymphocytes,306,0.44261464,0.9391112,0.16563174,0.21507704,0.41017634,0.60732526,0.2877642
EBUS_12,12,advanced_airway_tumor,Undetermined,4,0.0,0.0,0.04484665,0.18455632,0.033582747,0.27079067,0.0
EBUS_13,13,advanced_airway_tumor,B lymphocytes,1871,0.017276019,0.028674597,0.030387893,0.07764377,0.28358874,0.31649736,0.18677826
EBUS_13,13,advanced_airway_tumor,Epithelial cells,381,0.035792757,0.037764393,0.017877216,0.3415007,0.6508793,1.198409,0.6416173
EBUS_13,13,advanced_airway_tumor,Myeloid cells,145,0.12639263,0.122396864,0.79638517,0.8912059,0.5893127,0.69113797,0.18905674
EBUS_13,13,advanced_airway_tumor,NK cells,1,0.0,2.8389971,0.0,0.3741804,0.38751668,0.44620267,0.0
EBUS_13,13,advanced_airway_tumor,T lymphocytes,1149,0.24115981,0.38546944,0.031294167,0.088516414,0.34617302,0.47973606,0.262356
EBUS_13,13,advanced_airway_tumor,Undetermined,3,0.0,0.0,0.0,0.18460011,0.45125535,0.36259773,0.0
EBUS_15,15,advanced_airway_tumor,B lymphocytes,39,0.0081191175,0.08115315,0.13453855,0.12741373,0.24191284,0.27684423,0.13105333
EBUS_15,15,advanced_airway_tumor,Epithelial cells,263,0.003911244,0.100985825,0.23512815,0.1846559,0.21927267,1.304739,0.4445308
EBUS_15,15,advanced_airway_tumor,Fibroblasts,1,0.0,0.37127694,0.90231997,0.0,0.31823736,0.37127694,0.0
EBUS_15,15,advanced_airway_tumor,Myeloid cells,319,0.091527596,0.12832244,1.6601216,0.99011767,0.7156428,0.88856447,0.19742653
EBUS_15,15,advanced_airway_tumor,NK cells,152,0.19179563,2.6660707,0.12726244,0.10810556,0.38474858,0.35815963,0.17498408
EBUS_15,15,advanced_airway_tumor,T lymphocytes,327,0.19816893,1.0655628,0.13335511,0.10794061,0.3866423,0.4424328,0.25825045
EBUS_15,15,advanced_airway_tumor,Undetermined,4,0.0,0.061475094,0.19205883,0.18206397,0.104172334,0.14632899,0.051480234
EBUS_19,19,advanced_airway_tumor,B lymphocytes,98,0.0066185812,0.10447568,0.047901936,0.08915576,0.20981006,0.2034144,0.059964016
EBUS_19,19,advanced_airway_tumor,Epithelial cells,228,0.013560942,0.13736981,0.21200009,0.12871224,0.5169643,0.7702322,0.17382115
EBUS_19,19,advanced_airway_tumor,Fibroblasts,1,0.0,0.0,0.07504452,0.07504452,1.2217079,0.541106,0.0
EBUS_19,19,advanced_airway_tumor,Myeloid cells,356,0.08279008,0.0844689,1.2275517,1.1335268,0.60941035,0.53848195,0.21200757
EBUS_19,19,advanced_airway_tumor,NK cells,251,0.16945249,3.0417767,0.06685086,0.088418104,0.3604446,0.41504034,0.15054825
EBUS_19,19,advanced_airway_tumor,T lymphocytes,1176,0.19476432,0.9307353,0.062677294,0.084339,0.4266012,0.47565746,0.18248804
EBUS_19,19,advanced_airway_tumor,Undetermined,2,0.0,0.0,0.1969313,0.0,0.52080834,0.2506766,0.0
EBUS_28,28,advanced_airway_tumor,B lymphocytes,7,0.0,0.04976855,0.06975223,0.0,0.19045138,0.20275022,0.20575431
EBUS_28,28,advanced_airway_tumor,Epithelial cells,4766,0.0014991495,0.0075259036,0.2925872,0.02402428,0.12411791,0.8753733,0.21779375
EBUS_28,28,advanced_airway_tumor,Fibroblasts,16,0.009502397,0.011226289,0.07032804,0.0881664,0.7644194,0.61878204,0.1584728
EBUS_28,28,advanced_airway_tumor,Myeloid cells,158,0.07719384,0.030884562,1.0479977,0.8543919,0.57655895,0.70272285,0.29625607
EBUS_28,28,advanced_airway_tumor,NK cells,9,0.07926134,2.7229674,0.10942749,0.0,0.25490358,0.3103139,0.12330082
EBUS_28,28,advanced_airway_tumor,T lymphocytes,223,0.23991466,0.9191396,0.051599763,0.008330933,0.3322851,0.45790935,0.23775256
EBUS_28,28,advanced_airway_tumor,Undetermined,3,0.0,0.0,0.13117746,0.118139274,0.0,0.153232,0.0
EBUS_49,49,advanced_airway_tumor,B lymphocytes,189,0.010932511,0.1812633,0.18249775,0.07321479,0.13548958,0.23845768,0.11593872
EBUS_49,49,advanced_airway_tumor,Epithelial cells,122,0.01165135,0.20417482,0.20700783,0.12921385,0.12630396,1.0560073,0.3571155
EBUS_49,49,advanced_airway_tumor,Myeloid cells,276,0.04912012,0.25109673,2.319752,0.5171648,0.5779241,0.5229524,0.13378131
EBUS_49,49,advanced_airway_tumor,NK cells,338,0.19423729,3.0151432,0.28375754,0.076654755,0.3046014,0.41191515,0.21263973
EBUS_49,49,advanced_airway_tumor,T lymphocytes,788,0.13236476,1.392628,0.22225958,0.07343332,0.29869175,0.40134457,0.22629659
EBUS_49,49,advanced_airway_tumor,Undetermined,62,0.0026054,0.16109441,0.12969176,0.041385476,0.013267081,0.040046334,0.0069721346
EBUS_51,51,advanced_airway_tumor,B lymphocytes,99,0.0,0.023001356,0.18918763,0.05266038,0.1450448,0.20079896,0.116327725
EBUS_51,51,advanced_airway_tumor,Epithelial cells,1315,0.0152554605,0.04816527,0.765357,0.08902613,0.2776863,0.92895603,0.11850421
EBUS_51,51,advanced_airway_tumor,Myeloid cells,716,0.12758182,0.053652,1.2074724,1.4679973,0.53176975,0.78380877,0.26939058
EBUS_51,51,advanced_airway_tumor,NK cells,498,0.17461777,2.9088492,0.18789338,0.06611613,0.26793474,0.30496782,0.12904702
EBUS_51,51,advanced_airway_tumor,T lymphocytes,645,0.17393354,1.0408021,0.18331905,0.06369532,0.29955763,0.43009365,0.20466605
EBUS_51,51,advanced_airway_tumor,Undetermined,2,0.0,0.21418487,0.4036619,0.0,0.0,0.35830465,0.0
EFFUSION_06,06,pleural_effusion,B lymphocytes,446,0.003954075,0.0611432,0.08224204,0.06889199,0.19395263,0.27155098,0.20931304
EFFUSION_06,06,pleural_effusion,Epithelial cells,228,0.008691537,0.08086697,0.0860029,0.3352761,0.116801746,0.74562305,0.75632566
EFFUSION_06,06,pleural_effusion,Myeloid cells,846,0.08617714,0.08581633,1.5361019,1.0885403,0.49485004,0.6015433,0.15834963
EFFUSION_06,06,pleural_effusion,NK cells,640,0.21679091,2.0055773,0.10250424,0.072515346,0.29050025,0.38020197,0.32932952
EFFUSION_06,06,pleural_effusion,T lymphocytes,2653,0.12148557,0.52195853,0.0846344,0.0693324,0.3153385,0.4228782,0.29559717
EFFUSION_06,06,pleural_effusion,Undetermined,71,0.021808201,0.7226418,0.078894384,0.071151696,0.37332556,0.3363501,0.2907531
EFFUSION_11,11,pleural_effusion,B lymphocytes,100,0.0019600003,0.06739697,0.094253905,0.023080803,0.16867146,0.19748652,0.15874533
EFFUSION_11,11,pleural_effusion,Epithelial cells,81,0.011370919,0.09818886,0.27233487,0.056182474,0.3797462,0.7532612,0.16613847
EFFUSION_11,11,pleural_effusion,Myeloid cells,688,0.0570195,0.100126214,1.3297341,0.75389844,0.55435777,0.61652434,0.17362493
EFFUSION_11,11,pleural_effusion,NK cells,159,0.14645965,1.8169878,0.09954271,0.027403267,0.33337155,0.34129158,0.19739962
EFFUSION_11,11,pleural_effusion,T lymphocytes,1789,0.11858287,0.7812292,0.0930347,0.033603765,0.353834,0.40112913,0.22880585
EFFUSION_11,11,pleural_effusion,Undetermined,126,0.0121365255,0.7542278,0.113604985,0.03512477,0.38169912,0.31906563,0.26519325
EFFUSION_12,12,pleural_effusion,B lymphocytes,795,0.0076579987,0.04710766,0.1997366,0.045719527,0.18534885,0.2276954,0.14559765
EFFUSION_12,12,pleural_effusion,Epithelial cells,25,0.009400863,0.08132302,0.32562068,0.108348474,0.395052,0.8879116,0.56910795
EFFUSION_12,12,pleural_effusion,Myeloid cells,1256,0.060486812,0.070542775,1.5549093,0.91426677,0.5754959,0.5810684,0.15567097
EFFUSION_12,12,pleural_effusion,NK cells,286,0.06998059,1.9025909,0.19938791,0.047147006,0.30464387,0.38676018,0.15943445
EFFUSION_12,12,pleural_effusion,T lymphocytes,1799,0.09394479,0.34808934,0.21841294,0.049339812,0.32477355,0.42455,0.19302787
EFFUSION_12,12,pleural_effusion,Undetermined,63,0.003845136,0.7657265,0.22125877,0.0580228,0.4385517,0.36959943,0.23954104
EFFUSION_13,13,pleural_effusion,B lymphocytes,1012,0.011380364,0.04762822,0.030152507,0.0016170895,0.20491894,0.23038901,0.17259732
EFFUSION_13,13,pleural_effusion,Epithelial cells,47,0.0148256235,0.06019181,0.061690755,0.04457792,0.59008956,0.66552526,0.19783925
EFFUSION_13,13,pleural_effusion,Myeloid cells,194,0.08312606,0.044993196,1.4004407,0.45803276,0.50830984,0.6411393,0.13821277
EFFUSION_13,13,pleural_effusion,NK cells,124,0.14504865,1.7008194,0.026130818,0.003960263,0.28000635,0.36368847,0.2514539
EFFUSION_13,13,pleural_effusion,T lymphocytes,3044,0.100683376,0.21477574,0.03798408,0.0038903437,0.2867251,0.41721502,0.20531623
EFFUSION_13,13,pleural_effusion,Undetermined,20,0.008903995,0.709273,0.027525192,0.022629684,0.44578832,0.26062804,0.22884849
EFFUSION_64,64,pleural_effusion,B lymphocytes,932,0.0051216446,0.02092753,0.020150058,0.0015204294,0.18566589,0.37786266,0.16228954
EFFUSION_64,64,pleural_effusion,Epithelial cells,15,0.0,0.005373779,0.16220419,0.0,0.05676605,1.1383004,0.36757144
EFFUSION_64,64,pleural_effusion,Myeloid cells,79,0.0416889,0.028919507,1.0250951,0.38442796,0.49983627,0.91768944,0.10753443
EFFUSION_64,64,pleural_effusion,NK cells,88,0.16418114,1.8975537,0.029260367,0.0036600158,0.28993428,0.55214185,0.20924161
EFFUSION_64,64,pleural_effusion,T lymphocytes,2689,0.07729323,0.13675493,0.016157988,0.0028380153,0.28126523,0.52918166,0.1884453
EFFUSION_64,64,pleural_effusion,Undetermined,9,0.016676582,0.7481073,0.03578679,0.0,0.38554013,0.43441373,0.30162045
LN_01,01,normal_lymph_node,B lymphocytes,1107,0.01740945,0.022917416,0.010685771,0.008266076,0.15073684,0.16530356,0.1424212
LN_01,01,normal_lymph_node,Myeloid cells,101,0.051198665,0.02169934,0.2636537,0.381506,0.43675193,0.38073796,0.1837737
LN_01,01,normal_lymph_node,T lymphocytes,2399,0.10751095,0.17401047,0.010621125,0.008097128,0.26158172,0.25941327,0.18497309
LN_01,01,normal_lymph_node,Undetermined,19,0.041787107,0.5898441,0.0,0.010343787,0.41362086,0.2110923,0.261528
LN_02,02,normal_lymph_node,B lymphocytes,687,0.0115699805,0.01206484,0.012274136,0.018456232,0.16302893,0.16406143,0.08278382
LN_02,02,normal_lymph_node,Myeloid cells,121,0.047677062,0.02343677,0.35473529,0.59137386,0.48512217,0.38303506,0.11491286
LN_02,02,normal_lymph_node,T lymphocytes,2356,0.07816441,0.17789266,0.011664673,0.01852513,0.23796043,0.27542183,0.15522425
LN_02,02,normal_lymph_node,Undetermined,14,0.031736612,0.5541786,0.0,0.009095648,0.38520876,0.2378343,0.23165193
LN_03,03,normal_lymph_node,B lymphocytes,661,0.026244393,0.028359799,0.011321155,0.013492277,0.1460191,0.20584148,0.15848543
LN_03,03,normal_lymph_node,Myeloid cells,79,0.07509485,0.027401257,0.33457682,0.5050373,0.40087426,0.41459376,0.15748404
LN_03,03,normal_lymph_node,T lymphocytes,2232,0.14860341,0.2364385,0.014125597,0.009148888,0.21795824,0.28768995,0.16655086
LN_03,03,normal_lymph_node,Undetermined,41,0.018637704,0.54734176,0.006122422,0.0,0.41705963,0.23811167,0.2606898
LN_04,04,normal_lymph_node,B lymphocytes,747,0.016426422,0.012377521,0.010381853,0.009968946,0.15214245,0.14900438,0.111085415
LN_04,04,normal_lymph_node,Myeloid cells,51,0.039441176,0.014378086,0.28920075,0.5061578,0.5348129,0.34535816,0.07037859
LN_04,04,normal_lymph_node,T lymphocytes,2278,0.0887829,0.15528925,0.013846761,0.00993981,0.22232716,0.23933648,0.16764085
LN_04,04,normal_lymph_node,Undetermined,16,0.0,0.60693675,0.0,0.0114675425,0.34008506,0.29780954,0.33641395
LN_05,05,normal_lymph_node,B lymphocytes,962,0.01835683,0.023025643,0.015531533,0.0058764936,0.16324472,0.15963392,0.09071793
LN_05,05,normal_lymph_node,Myeloid cells,35,0.04271493,0.031147854,0.22769274,0.67988837,0.61252064,0.30023223,0.07521027
LN_05,05,normal_lymph_node,T lymphocytes,2079,0.08553813,0.25082967,0.009108419,0.0056911935,0.16737154,0.22273244,0.13528079
LN_05,05,normal_lymph_node,Undetermined,11,0.01320539,0.6065846,0.0,0.0,0.42530182,0.2959007,0.20858769
LN_06,06,normal_lymph_node,B lymphocytes,634,0.013483136,0.013465969,0.01045272,0.006176613,0.15137103,0.17110215,0.08761244
LN_06,06,normal_lymph_node,Myeloid cells,73,0.06104171,0.01340932,0.4956189,0.37552753,0.49012798,0.40695968,0.19334432
LN_06,06,normal_lymph_node,T lymphocytes,2197,0.074792236,0.121916614,0.022940502,0.0051798876,0.22851436,0.25411582,0.14108104
LN_06,06,normal_lymph_node,Undetermined,32,0.005744455,0.6427839,0.010411939,0.01595278,0.43632787,0.27074468,0.28057408
LN_07,07,normal_lymph_node,B lymphocytes,1125,0.015112719,0.039060283,0.012455252,0.014392931,0.1386953,0.14003035,0.10831141
LN_07,07,normal_lymph_node,Myeloid cells,154,0.034216303,0.03910976,0.26791513,0.3896049,0.46670613,0.38393986,0.17455879
LN_07,07,normal_lymph_node,T lymphocytes,4408,0.10006479,0.27374923,0.019578239,0.011646681,0.21710242,0.22385663,0.13795824
LN_07,07,normal_lymph_node,Undetermined,26,0.0055791293,0.6135859,0.0055791293,0.0,0.47328174,0.28349128,0.22125015
LN_08,08,normal_lymph_node,B lymphocytes,1513,0.017741589,0.02659576,0.007990194,0.0067941435,0.13712205,0.16341785,0.12687688
LN_08,08,normal_lymph_node,Myeloid cells,152,0.03534482,0.017428117,0.20536233,0.51218164,0.48765093,0.39960065,0.14715302
LN_08,08,normal_lymph_node,T lymphocytes,2717,0.1686903,0.31023613,0.012572762,0.0075453413,0.21859805,0.2504206,0.16393067
LN_08,08,normal_lymph_node,Undetermined,13,0.03250528,0.5465771,0.0,0.0,0.39949575,0.18677647,0.24688464
LN_11,11,normal_lymph_node,B lymphocytes,984,0.019747473,0.028378127,0.015012327,0.07720943,0.16886316,0.19533665,0.13967727
LN_11,11,normal_lymph_node,Myeloid cells,159,0.062187076,0.040738903,0.4215109,0.9961032,0.5635026,0.399073,0.16540217
LN_11,11,normal_lymph_node,T lymphocytes,2625,0.13918658,0.25695086,0.013262361,0.07379613,0.23550707,0.30160454,0.165871
LN_11,11,normal_lymph_node,Undetermined,20,0.016458405,0.5905063,0.0104705915,0.08159351,0.39041534,0.28351575,0.19126472
LN_12,12,normal_lymph_node,B lymphocytes,2164,0.015212663,0.025846139,0.031296957,0.17331651,0.18125404,0.18542276,0.11581985
LN_12,12,normal_lymph_node,Myeloid cells,363,0.062378637,0.032244645,0.5724546,1.0748487,0.56350756,0.4496977,0.16247271
LN_12,12,normal_lymph_node,T lymphocytes,2028,0.19015858,0.30787235,0.037700955,0.14487402,0.2416023,0.30038202,0.15799317
LN_12,12,normal_lymph_node,Undetermined,63,0.014384528,0.61792207,0.016860945,0.16985749,0.44471744,0.28655496,0.29001597
LUNG_N01,01,normal_lung,B lymphocytes,82,0.032405436,0.29620537,0.07615851,0.3866586,0.37345123,0.22571784,0.13217027
LUNG_N01,01,normal_lung,Endothelial cells,34,0.008649553,0.06808201,0.1757125,0.52749026,0.5904501,0.33515355,0.15671319
LUNG_N01,01,normal_lung,Epithelial cells,199,0.04059751,0.10321599,0.31917748,0.5006149,0.17630675,0.4989846,0.105813846
LUNG_N01,01,normal_lung,Fibroblasts,17,0.0,0.22986743,0.09881795,0.4211602,0.7955148,0.4155872,0.15372244
LUNG_N01,01,normal_lung,MAST cells,230,0.04044526,0.08815548,0.111734785,0.36816025,0.7025852,0.22475101,0.24676935
LUNG_N01,01,normal_lung,Myeloid cells,1306,0.058224868,0.12563954,1.3740922,1.765299,0.6886935,0.4386604,0.16128545
LUNG_N01,01,normal_lung,NK cells,374,0.18571192,2.8789017,0.11154568,0.35576388,0.40885273,0.34598505,0.19149785
LUNG_N01,01,normal_lung,T lymphocytes,952,0.16527075,1.3083712,0.1457608,0.38523868,0.44875646,0.36981657,0.19687691
LUNG_N06,06,normal_lung,B lymphocytes,29,0.016707243,0.19636185,0.12042444,0.5455799,0.31081703,0.21413837,0.11695939
LUNG_N06,06,normal_lung,Endothelial cells,9,0.0,0.097848035,0.21671586,0.5334506,0.5742518,0.33907095,0.24097286
LUNG_N06,06,normal_lung,Epithelial cells,178,0.01706714,0.11610977,0.20758273,0.74122125,0.22388917,0.3819052,0.13632031
LUNG_N06,06,normal_lung,Fibroblasts,10,0.042398017,0.23525377,0.11728747,0.6428169,0.78888154,0.5289959,0.15965062
LUNG_N06,06,normal_lung,MAST cells,30,0.027603585,0.11176936,0.15491258,0.6131384,0.69605356,0.26786315,0.28170803
LUNG_N06,06,normal_lung,Myeloid cells,1310,0.09623255,0.1309267,1.1396648,2.5211575,0.73305994,0.5094132,0.21773222
LUNG_N06,06,normal_lung,NK cells,166,0.2516404,2.714342,0.16818051,0.5993991,0.35854515,0.33544296,0.18806003
LUNG_N06,06,normal_lung,T lymphocytes,1107,0.19435148,1.4646151,0.17237,0.6289475,0.4742859,0.36345458,0.21475898
LUNG_N08,08,normal_lung,B lymphocytes,60,0.0047948407,0.20038898,0.14441328,0.3758585,0.28522825,0.16388054,0.14765254
LUNG_N08,08,normal_lung,Endothelial cells,116,0.013726043,0.17662124,0.17900892,0.37026316,0.61461437,0.22370684,0.13294882
LUNG_N08,08,normal_lung,Epithelial cells,299,0.02354385,0.18552145,0.2508168,0.48336104,0.16826804,0.4445949,0.112932734
LUNG_N08,08,normal_lung,Fibroblasts,20,0.016654938,0.15624617,0.27585804,0.6013308,0.7285724,0.42548218,0.14548428
LUNG_N08,08,normal_lung,MAST cells,84,0.06663811,0.14025338,0.18198155,0.2938785,0.6591815,0.19872925,0.27030632
LUNG_N08,08,normal_lung,Myeloid cells,1349,0.07718365,0.1921871,1.3234547,2.0971694,0.71246177,0.45992756,0.19477987
LUNG_N08,08,normal_lung,NK cells,737,0.16925636,2.8026984,0.18138522,0.363364,0.38017663,0.34820387,0.17160636
LUNG_N08,08,normal_lung,T lymphocytes,715,0.112756394,0.8523156,0.17395598,0.3718011,0.45075962,0.35830727,0.17388915
LUNG_N09,09,normal_lung,B lymphocytes,83,0.010375269,0.08302871,0.044799473,0.07894451,0.29191995,0.19389729,0.09751351
LUNG_N09,09,normal_lung,Endothelial cells,57,0.015204649,0.049691465,0.06998145,0.26138145,0.64079577,0.26399028,0.15946536
LUNG_N09,09,normal_lung,Epithelial cells,384,0.03131639,0.022613458,0.28059903,0.17476267,0.10765099,0.5802362,0.08929209
LUNG_N09,09,normal_lung,Fibroblasts,53,0.002746861,0.0032958768,0.05769689,0.23432022,0.89475775,0.42318115,0.115010165
LUNG_N09,09,normal_lung,MAST cells,103,0.037267584,0.0039399783,0.045619603,0.24943148,0.68332386,0.288898,0.3117167
LUNG_N09,09,normal_lung,Myeloid cells,1171,0.0732596,0.016107386,0.86446524,2.2928874,0.69021344,0.46359968,0.24144405
LUNG_N09,09,normal_lung,NK cells,179,0.21029203,2.888125,0.08355216,0.14289406,0.3674977,0.33648768,0.12679288
LUNG_N09,09,normal_lung,T lymphocytes,498,0.17140536,0.83825064,0.059082575,0.12177353,0.42845568,0.37006825,0.19051449
LUNG_N18,18,normal_lung,B lymphocytes,89,0.0195621,0.2001415,0.08966666,0.23040336,0.31351855,0.32641017,0.11438178
LUNG_N18,18,normal_lung,Endothelial cells,177,0.012357091,0.053142194,0.13131274,0.29468003,0.6105008,0.35076475,0.19068064
LUNG_N18,18,normal_lung,Epithelial cells,399,0.03324954,0.052253246,0.22724314,0.3138769,0.1681539,0.44536358,0.14270319
LUNG_N18,18,normal_lung,Fibroblasts,183,0.011699251,0.03600367,0.15660717,0.27756807,0.7845454,0.4553628,0.112774424
LUNG_N18,18,normal_lung,MAST cells,82,0.05525097,0.03326361,0.09757579,0.24952,0.6033727,0.2409255,0.25866684
LUNG_N18,18,normal_lung,Myeloid cells,2041,0.086821504,0.05865784,1.2135687,1.8547035,0.6628568,0.49434114,0.15151347
LUNG_N18,18,normal_lung,NK cells,312,0.20651814,2.792821,0.10680998,0.22497998,0.288563,0.42925796,0.17612556
LUNG_N18,18,normal_lung,T lymphocytes,1345,0.121090196,1.005297,0.09168632,0.21452168,0.41125515,0.49840838,0.17286485
LUNG_N19,19,normal_lung,B lymphocytes,48,0.024459312,0.36160326,0.1352453,0.2492792,0.34747326,0.28720683,0.12040755
LUNG_N19,19,normal_lung,Endothelial cells,403,0.008756499,0.17044343,0.12178802,0.23466583,0.6562877,0.3123601,0.19523744
LUNG_N19,19,normal_lung,Epithelial cells,174,0.03235237,0.15179586,0.24150118,0.26808462,0.1392668,0.44424516,0.09355094
LUNG_N19,19,normal_lung,Fibroblasts,85,0.0050265123,0.16431046,0.08170201,0.34874675,0.7774596,0.3021063,0.14087416
LUNG_N19,19,normal_lung,MAST cells,187,0.0679725,0.15087186,0.111751944,0.18276082,0.762998,0.30810654,0.28126043
LUNG_N19,19,normal_lung,Myeloid cells,1134,0.0675869,0.1446172,1.2943742,1.8151629,0.6759291,0.4763759,0.1620111
LUNG_N19,19,normal_lung,NK cells,1041,0.207985,2.798902,0.12307619,0.23887981,0.34508607,0.38073608,0.1461029
LUNG_N19,19,normal_lung,T lymphocytes,798,0.12018815,0.9094078,0.12812296,0.21982194,0.4499644,0.4203703,0.12922409
LUNG_N20,20,normal_lung,B lymphocytes,36,0.021849582,0.26393116,0.0947949,0.25495797,0.25935182,0.23997688,0.1331117
LUNG_N20,20,normal_lung,Endothelial cells,77,0.0024733406,0.051921047,0.12977532,0.36813715,0.6317975,0.29192227,0.2007451
LUNG_N20,20,normal_lung,Epithelial cells,305,0.019159395,0.06649433,0.2185049,0.3339588,0.16014116,0.39521736,0.08179499
LUNG_N20,20,normal_lung,Fibroblasts,16,0.0060258624,0.006076109,0.07933678,0.37720612,0.9498769,0.40533057,0.11521745
LUNG_N20,20,normal_lung,MAST cells,157,0.036844973,0.06791784,0.106418744,0.2839134,0.68921995,0.21973482,0.2723294
LUNG_N20,20,normal_lung,Myeloid cells,3545,0.05994601,0.058053043,1.0758057,2.0488732,0.6935469,0.39409333,0.20451914
LUNG_N20,20,normal_lung,NK cells,766,0.15717593,2.8516026,0.14453046,0.23259252,0.37838817,0.31384677,0.16032876
LUNG_N20,20,normal_lung,T lymphocytes,896,0.11611018,0.8830907,0.10420666,0.23197259,0.46056962,0.3102855,0.13851498
LUNG_N28,28,normal_lung,B lymphocytes,36,0.031899296,0.28841105,0.09729585,0.31045985,0.3363607,0.21714075,0.17488891
LUNG_N28,28,normal_lung,Endothelial cells,11,0.0,0.18410467,0.05898672,0.28172576,0.53484976,0.3108508,0.26192942
LUNG_N28,28,normal_lung,Epithelial cells,233,0.029086694,0.18455654,0.20729281,0.3789768,0.12034762,0.56004333,0.1173445
LUNG_N28,28,normal_lung,Fibroblasts,12,0.05313456,0.22816251,0.110458635,0.35578707,0.8907525,0.4773946,0.15769489
LUNG_N28,28,normal_lung,MAST cells,57,0.052523177,0.101907864,0.08710635,0.26635018,0.65885764,0.2509848,0.38706297
LUNG_N28,28,normal_lung,Myeloid cells,785,0.05566315,0.18735391,0.84628206,2.2199817,0.61346585,0.4201771,0.26408613
LUNG_N28,28,normal_lung,NK cells,659,0.23232308,2.9093795,0.10363832,0.30143437,0.38327578,0.31250095,0.21439016
LUNG_N28,28,normal_lung,T lymphocytes,1618,0.12552854,1.162895,0.10463703,0.30636984,0.39713338,0.34096846,0.20721246
LUNG_N30,30,normal_lung,B lymphocytes,56,0.044213645,0.3297191,0.040337723,0.15512146,0.2754974,0.19947828,0.09317632
LUNG_N30,30,normal_lung,Endothelial cells,187,0.0073861666,0.14666912,0.09243502,0.15928279,0.57795644,0.29745403,0.2442592
LUNG_N30,30,normal_lung,Epithelial cells,334,0.023983432,0.13656092,0.21211852,0.16986728,0.11507442,0.38062906,0.15898088
LUNG_N30,30,normal_lung,Fibroblasts,230,0.018679183,0.11227128,0.029491406,0.1584184,0.83103746,0.38302737,0.15833783
LUNG_N30,30,normal_lung,MAST cells,56,0.028318617,0.09250986,0.06328022,0.13625257,0.58540595,0.21360372,0.24343535
LUNG_N30,30,normal_lung,Myeloid cells,935,0.06146074,0.1265488,1.2798749,1.2112497,0.56806266,0.38048944,0.1479861
LUNG_N30,30,normal_lung,NK cells,581,0.1339814,2.7144253,0.05324944,0.102388,0.27187872,0.31506756,0.17755401
LUNG_N30,30,normal_lung,T lymphocytes,1505,0.12836994,1.0308259,0.061685458,0.100289635,0.3807308,0.36548424,0.18188402
LUNG_N31,31,normal_lung,B lymphocytes,50,0.027308952,0.33257893,0.073132366,0.11746595,0.32350704,0.20869513,0.11168174
LUNG_N31,31,normal_lung,Endothelial cells,180,0.005644218,0.06979489,0.1205513,0.1416241,0.5906248,0.33245012,0.2546461
LUNG_N31,31,normal_lung,Epithelial cells,548,0.03094668,0.06451834,0.15082236,0.15064968,0.14182729,0.41944465,0.13304685
LUNG_N31,31,normal_lung,Fibroblasts,858,0.020313697,0.074303865,0.09480508,0.1617767,1.0063703,0.4654129,0.12541127
LUNG_N31,31,normal_lung,MAST cells,28,0.040603694,0.047422256,0.053507898,0.07408072,0.59798634,0.23097776,0.32427672
LUNG_N31,31,normal_lung,Myeloid cells,1337,0.08309965,0.059929423,1.2226732,1.5318093,0.71012396,0.45074672,0.15689225
LUNG_N31,31,normal_lung,NK cells,623,0.22306806,2.8860583,0.05462907,0.06728579,0.283351,0.34137753,0.17881206
LUNG_N31,31,normal_lung,T lymphocytes,617,0.16907266,1.1252902,0.052659307,0.07694036,0.36737132,0.39177418,0.22083086
LUNG_N34,34,normal_lung,B lymphocytes,65,0.0079603335,0.32690227,0.13557506,0.19197483,0.28395924,0.1985894,0.17876422
LUNG_N34,34,normal_lung,Endothelial cells,90,0.020259786,0.25505036,0.15651973,0.18085615,0.51027197,0.3429564,0.19650528
LUNG_N34,34,normal_lung,Epithelial cells,650,0.026453584,0.14807022,0.21130566,0.219914,0.14557752,0.4572938,0.12190194
LUNG_N34,34,normal_lung,Fibroblasts,186,0.021310102,0.12733868,0.12242857,0.20910862,0.80247915,0.3576646,0.12834932
LUNG_N34,34,normal_lung,MAST cells,65,0.033890784,0.12115283,0.105996154,0.16122992,0.5623145,0.15213445,0.279909
LUNG_N34,34,normal_lung,Myeloid cells,1759,0.07843323,0.13118464,1.4288887,1.5620993,0.6778996,0.4514171,0.19005866
LUNG_N34,34,normal_lung,NK cells,1386,0.17042266,2.6339324,0.10064623,0.15286641,0.26547882,0.30914134,0.13645539
LUNG_N34,34,normal_lung,T lymphocytes,1021,0.13512516,1.2715055,0.11186133,0.14703625,0.36903802,0.33321005,0.16095427
LUNG_T06,06,primary_tumor,B lymphocytes,521,0.01987229,0.0429416,0.046554644,0.11799683,0.26535922,0.16062897,0.083606124
LUNG_T06,06,primary_tumor,Endothelial cells,54,0.008915137,0.036122177,0.05334928,0.15576407,0.7608064,0.37673822,0.23521179
LUNG_T06,06,primary_tumor,Epithelial cells,145,0.01617172,0.053986415,0.17807913,0.16895406,0.29687124,0.55059826,0.12947078
LUNG_T06,06,primary_tumor,Fibroblasts,485,0.016253406,0.04547612,0.059456516,0.24278748,1.0222617,0.432149,0.15276156
LUNG_T06,06,primary_tumor,MAST cells,94,0.092414685,0.022292731,0.072895214,0.26551127,0.71654046,0.30744097,0.23085454
LUNG_T06,06,primary_tumor,Myeloid cells,588,0.10432211,0.08016718,0.9778872,1.3024665,0.7124056,0.41981614,0.23225899
LUNG_T06,06,primary_tumor,NK cells,40,0.20602322,2.4839792,0.105191626,0.09925007,0.38598368,0.28893223,0.14145277
LUNG_T06,06,primary_tumor,T lymphocytes,1499,0.19065565,0.5802038,0.068700105,0.120831594,0.46770895,0.38347152,0.17411406
LUNG_T08,08,primary_tumor,B lymphocytes,1014,0.024844984,0.025726449,0.043508124,0.06973181,0.27654102,0.19518586,0.094492376
LUNG_T08,08,primary_tumor,Endothelial cells,14,0.019931193,0.028918238,0.024597732,0.11825837,0.7694564,0.5068621,0.15682125
LUNG_T08,08,primary_tumor,Epithelial cells,42,0.027324209,0.046922732,0.3888741,0.103754155,0.13968113,0.6346024,0.10998442
LUNG_T08,08,primary_tumor,Fibroblasts,206,0.0161469,0.02321802,0.04452285,0.2301709,0.8887366,0.50373787,0.14658037
LUNG_T08,08,primary_tumor,MAST cells,91,0.045396704,0.029565437,0.043305855,0.08419713,0.64579123,0.3289323,0.33704656
LUNG_T08,08,primary_tumor,Myeloid cells,270,0.09057084,0.041729283,0.8793865,1.4087385,0.62109995,0.5387179,0.17955624
LUNG_T08,08,primary_tumor,NK cells,22,0.21343118,2.462712,0.13956729,0.05836444,0.37347355,0.41027924,0.17191964
LUNG_T08,08,primary_tumor,T lymphocytes,2106,0.18997787,0.2677507,0.066164896,0.074466296,0.40350226,0.38589382,0.19148369
LUNG_T09,09,primary_tumor,B lymphocytes,153,0.012990556,0.048266295,0.036026876,0.32375175,0.2381924,0.19969678,0.11639579
LUNG_T09,09,primary_tumor,Endothelial cells,28,0.004880071,0.037809167,0.07388695,0.47796154,0.7665719,0.48852327,0.16245745
LUNG_T09,09,primary_tumor,Epithelial cells,119,0.028607208,0.030184492,0.18363883,0.37048754,0.120282285,0.6027048,0.086555384
LUNG_T09,09,primary_tumor,Fibroblasts,22,0.0,0.0,0.0668765,0.5005469,0.9858154,0.44145134,0.10396175
LUNG_T09,09,primary_tumor,MAST cells,56,0.058325846,0.040941637,0.030688431,0.4735439,0.5446275,0.43576726,0.2042096
LUNG_T09,09,primary_tumor,Myeloid cells,1481,0.08969853,0.04689602,1.0153682,2.2796922,0.6865042,0.5067234,0.1599836
LUNG_T09,09,primary_tumor,NK cells,103,0.24348639,2.6289992,0.079892345,0.401049,0.37138656,0.39940035,0.14043318
LUNG_T09,09,primary_tumor,T lymphocytes,1878,0.25648835,1.0801654,0.065663524,0.36662596,0.3900776,0.43137705,0.23368028
LUNG_T18,18,primary_tumor,B lymphocytes,274,0.0059381896,0.024968637,0.11075559,0.07549553,0.24132672,0.23266508,0.10495621
LUNG_T18,18,primary_tumor,Endothelial cells,19,0.0,0.01641997,0.13054636,0.15946965,0.74375147,0.5173341,0.34840363
LUNG_T18,18,primary_tumor,Epithelial cells,1028,0.011163444,0.019377632,0.5594689,0.1504787,0.5041436,1.0281649,0.39279205
LUNG_T18,18,primary_tumor,Fibroblasts,188,0.00965186,0.013611244,0.101098135,0.15844111,1.101231,0.7341403,0.12305022
LUNG_T18,18,primary_tumor,MAST cells,87,0.05832129,0.01979572,0.12638459,0.22365282,0.6258629,0.41292426,0.25563335
LUNG_T18,18,primary_tumor,Myeloid cells,1019,0.11409222,0.04518118,1.2266878,1.5968235,0.6489044,0.9753898,0.22041662
LUNG_T18,18,primary_tumor,NK cells,60,0.20363814,2.746807,0.16412283,0.055497605,0.3666015,0.5914428,0.15874119
LUNG_T18,18,primary_tumor,T lymphocytes,1030,0.242518,0.6620898,0.13570057,0.072121106,0.41820496,0.5767551,0.18513593
LUNG_T19,19,primary_tumor,B lymphocytes,430,0.015497595,0.020059247,0.08378112,0.15794705,0.2143081,0.22392191,0.113454156
LUNG_T19,19,primary_tumor,Endothelial cells,159,0.007663544,0.022832554,0.10533577,0.18019061,0.6842511,0.372803,0.20016097
LUNG_T19,19,primary_tumor,Epithelial cells,316,0.03952299,0.040271956,0.2828886,0.24799763,0.1427725,0.44599557,0.10515616
LUNG_T19,19,primary_tumor,Fibroblasts,114,0.006108992,0.0071437913,0.080158085,0.36161733,0.9646036,0.45413563,0.14192216
LUNG_T19,19,primary_tumor,MAST cells,424,0.0553153,0.02342363,0.065111645,0.22214483,0.639987,0.36904433,0.2931766
LUNG_T19,19,primary_tumor,Myeloid cells,1206,0.07843237,0.041253764,1.2195529,1.6234834,0.6747036,0.5403917,0.18142109
LUNG_T19,19,primary_tumor,NK cells,187,0.19966005,2.7230399,0.11518965,0.18047936,0.3320106,0.3768193,0.16126876
LUNG_T19,19,primary_tumor,T lymphocytes,1525,0.14550701,0.36025608,0.087294765,0.15057701,0.37881336,0.4384071,0.1489653
LUNG_T20,20,primary_tumor,B lymphocytes,53,0.03200499,0.05671709,0.070418395,0.19738355,0.2695223,0.21021365,0.06529811
LUNG_T20,20,primary_tumor,Endothelial cells,3,0.0,0.0,0.17063846,0.05942975,0.71923095,0.36581436,0.31050918
LUNG_T20,20,primary_tumor,Epithelial cells,526,0.011415497,0.046638995,0.3684669,0.26995006,0.31584984,0.9616236,0.23635761
LUNG_T20,20,primary_tumor,Fibroblasts,17,0.014124684,0.0,0.0790313,0.254665,1.201333,0.7589082,0.08710732
LUNG_T20,20,primary_tumor,MAST cells,83,0.052063104,0.022330413,0.12131036,0.23389523,0.70578235,0.41983956,0.23268208
LUNG_T20,20,primary_tumor,Myeloid cells,921,0.0917559,0.079134755,1.2014157,1.972344,0.7222123,0.6345231,0.19115824
LUNG_T20,20,primary_tumor,NK cells,80,0.20079923,2.7424557,0.105720714,0.20052032,0.38348976,0.44343686,0.17174062
LUNG_T20,20,primary_tumor,T lymphocytes,2338,0.30162,0.8242333,0.10248917,0.21971142,0.44723383,0.5431468,0.24505451
LUNG_T25,25,primary_tumor,B lymphocytes,1707,0.022388786,0.02004274,0.059694737,0.13426913,0.1793959,0.1717985,0.1791363
LUNG_T25,25,primary_tumor,Endothelial cells,32,0.032980166,0.008445722,0.11188209,0.123613,0.6723799,0.4774117,0.18183675
LUNG_T25,25,primary_tumor,Epithelial cells,226,0.014976297,0.026086375,0.324438,0.16884376,0.09506198,0.47615498,0.1192259
LUNG_T25,25,primary_tumor,Fibroblasts,21,0.00432191,0.02464147,0.08914399,0.43502194,1.1493853,0.55964893,0.1837826
LUNG_T25,25,primary_tumor,MAST cells,185,0.05192438,0.023684934,0.05344634,0.3478358,0.59577817,0.27210572,0.29449025
LUNG_T25,25,primary_tumor,Myeloid cells,604,0.086902626,0.03905554,1.124623,1.5018811,0.6860617,0.57255334,0.16033743
LUNG_T25,25,primary_tumor,NK cells,79,0.23447312,2.7470999,0.107333146,0.15951034,0.3286535,0.36620486,0.20140791
LUNG_T25,25,primary_tumor,T lymphocytes,1520,0.22934006,0.25481406,0.07962835,0.11845439,0.32185835,0.31687638,0.18147445
LUNG_T28,28,primary_tumor,B lymphocytes,586,0.018037468,0.041645568,0.07244458,0.11857985,0.16820922,0.17673205,0.09864023
LUNG_T28,28,primary_tumor,Endothelial cells,30,0.012624047,0.062119614,0.083292395,0.17758456,0.5508882,0.54096025,0.2725519
LUNG_T28,28,primary_tumor,Epithelial cells,1228,0.0141401915,0.0329041,0.33286577,0.16618207,0.078811474,0.7353843,0.25195345
LUNG_T28,28,primary_tumor,Fibroblasts,63,0.005094549,0.027848477,0.17551836,0.259545,0.98543173,0.81882894,0.16854106
LUNG_T28,28,primary_tumor,MAST cells,155,0.09576007,0.026372002,0.07935567,0.31594267,0.6439743,0.43668425,0.3614573
LUNG_T28,28,primary_tumor,Myeloid cells,1012,0.07505351,0.053296257,1.3868349,1.7411655,0.589908,0.58579767,0.18510419
LUNG_T28,28,primary_tumor,NK cells,105,0.22773607,3.0206058,0.09944307,0.10186313,0.33506772,0.38517013,0.18317954
LUNG_T28,28,primary_tumor,T lymphocytes,1526,0.23714654,0.9286666,0.096338056,0.120423056,0.36481264,0.42768577,0.2365151
LUNG_T30,30,primary_tumor,B lymphocytes,118,0.0082990555,0.022113375,0.048809364,0.18455349,0.25510183,0.18870854,0.0914543
LUNG_T30,30,primary_tumor,Endothelial cells,153,0.013380104,0.026329484,0.07301164,0.1862292,0.596883,0.3244194,0.1944282
LUNG_T30,30,primary_tumor,Epithelial cells,882,0.039590426,0.043865744,0.23153469,0.22300927,0.112136506,0.59342444,0.14268671
LUNG_T30,30,primary_tumor,Fibroblasts,73,0.019842785,0.047568336,0.06151209,0.41640627,0.9599171,0.4350329,0.2129536
LUNG_T30,30,primary_tumor,MAST cells,478,0.05009471,0.0283928,0.0499629,0.2103712,0.5917657,0.26996964,0.22140229
LUNG_T30,30,primary_tumor,Myeloid cells,976,0.0681931,0.066677004,0.9813452,1.9194617,0.6035129,0.52415097,0.29209238
LUNG_T30,30,primary_tumor,NK cells,144,0.19303864,2.690742,0.047194116,0.15236478,0.3836371,0.41549847,0.2030265
LUNG_T30,30,primary_tumor,T lymphocytes,1270,0.21050806,0.5025589,0.052677695,0.16216901,0.42516786,0.4284057,0.20421854
LUNG_T31,31,primary_tumor,B lymphocytes,419,0.02655757,0.08083666,0.043642823,0.090642795,0.1658181,0.15215005,0.03718257
LUNG_T31,31,primary_tumor,Endothelial cells,144,0.008690638,0.08988447,0.064675726,0.17857341,0.6881583,0.46871057,0.29810607
LUNG_T31,31,primary_tumor,Epithelial cells,272,0.014666471,0.073233,0.20815891,0.120647125,0.16440915,0.78707397,0.17316398
LUNG_T31,31,primary_tumor,Fibroblasts,500,0.016740292,0.059182752,0.047996074,0.34233397,1.1763897,0.5333415,0.12687702
LUNG_T31,31,primary_tumor,MAST cells,117,0.07697407,0.07807717,0.08736871,0.12731919,0.67607254,0.31965005,0.2757985
LUNG_T31,31,primary_tumor,Myeloid cells,413,0.100338094,0.0944701,0.93349826,1.6570786,0.6088089,0.51054263,0.15366347
LUNG_T31,31,primary_tumor,NK cells,128,0.21353048,2.9196434,0.061423864,0.084109634,0.3546583,0.54559165,0.21376209
LUNG_T31,31,primary_tumor,T lymphocytes,3585,0.2111828,0.8625074,0.044114765,0.087326095,0.3925421,0.54784966,0.24832071
LUNG_T34,34,primary_tumor,B lymphocytes,37,0.006961443,0.028468171,0.0684099,0.032718666,0.17005984,0.21827291,0.050223365
LUNG_T34,34,primary_tumor,Endothelial cells,19,0.009707692,0.018495629,0.10627833,0.047878772,0.687534,0.49064165,0.15617375
LUNG_T34,34,primary_tumor,Epithelial cells,2486,0.027887745,0.062848605,0.16834576,0.048246156,0.14032196,0.7278584,0.10763933
LUNG_T34,34,primary_tumor,Fibroblasts,29,0.008284233,0.011980621,0.0634818,0.19853573,0.92783993,0.43212312,0.11207698
LUNG_T34,34,primary_tumor,MAST cells,39,0.05774233,0.023572534,0.021632276,0.20512938,0.6126167,0.436483,0.24986649
LUNG_T34,34,primary_tumor,Myeloid cells,304,0.083151415,0.02513364,1.0924482,1.6131511,0.5980059,0.5833544,0.21564975
LUNG_T34,34,primary_tumor,NK cells,56,0.089049995,2.576552,0.11242767,0.040859003,0.27370647,0.32761875,0.12012372
LUNG_T34,34,primary_tumor,T lymphocytes,310,0.19125187,0.6613457,0.056478575,0.06356414,0.41221952,0.44991264,0.13471106
NS_02,02,non_smoker_lung,B lymphocytes,142,0.0068245963,0.036952764,0.36263254,0.2996207,0.18517536,0.18815675,0.09270181
NS_02,02,non_smoker_lung,Epithelial cells,181,0.009340265,0.06468392,1.295232,0.40705687,0.35064253,0.8986499,0.086005524
NS_02,02,non_smoker_lung,Fibroblasts,3,0.020230556,0.22804523,0.24470998,0.39232242,1.3593421,0.78601474,0.0
NS_02,02,non_smoker_lung,MAST cells,56,0.0968753,0.047912695,0.32701996,0.29377773,0.52831477,0.35629895,0.24741517
NS_02,02,non_smoker_lung,Myeloid cells,863,0.10723977,0.11557853,1.5734563,1.7638185,0.6127703,0.74457055,0.1997799
NS_02,02,non_smoker_lung,NK cells,443,0.16358443,2.416801,0.3366961,0.27614653,0.342759,0.43190166,0.17433822
NS_02,02,non_smoker_lung,Oligodendrocytes,91,0.0077834446,0.07978453,0.4134382,0.48748314,0.24256414,0.528773,0.6151017
NS_02,02,non_smoker_lung,T lymphocytes,534,0.14841287,0.47389296,0.3498767,0.27707466,0.36090901,0.45917052,0.17811693
NS_03,03,non_smoker_lung,B lymphocytes,16,0.010645757,0.071736306,0.043540105,0.0,0.1955791,0.32531562,0.09530632
NS_03,03,non_smoker_lung,Epithelial cells,2720,0.0013375235,0.005447956,0.22482693,0.009869416,0.31878495,1.1882089,0.27737623
NS_03,03,non_smoker_lung,Fibroblasts,10,0.0,0.013243611,0.028667737,0.0,0.8746153,0.6019416,0.18875705
NS_03,03,non_smoker_lung,Myeloid cells,99,0.064717494,0.02170922,1.8165267,0.6304279,0.6844616,0.72326326,0.12901424
NS_03,03,non_smoker_lung,NK cells,65,0.1879914,2.6811488,0.07102149,0.004646267,0.32434556,0.48120064,0.17839964
NS_03,03,non_smoker_lung,T lymphocytes,80,0.19451903,0.59585714,0.048564665,0.0,0.41757527,0.5641053,0.28841692
NS_04,04,non_smoker_lung,B lymphocytes,4,0.014499515,0.0,0.0,0.10994173,0.06039204,0.34161067,0.07045738
NS_04,04,non_smoker_lung,Epithelial cells,1234,0.005004398,0.005792834,0.09324702,0.12435581,0.30464044,0.96084183,0.27701393
NS_04,04,non_smoker_lung,Fibroblasts,180,0.0037904063,0.01631759,0.0440779,0.37432683,0.9356212,0.5651515,0.25942844
NS_04,04,non_smoker_lung,MAST cells,1,0.0,0.0,0.65358055,0.15266514,0.5602119,0.2840565,0.30533028
NS_04,04,non_smoker_lung,Myeloid cells,348,0.11435864,0.02353221,1.1540164,2.375267,0.5672613,0.5802638,0.28681117
NS_04,04,non_smoker_lung,NK cells,20,0.23336199,2.1674075,0.03878896,0.13276216,0.42078677,0.48993483,0.5063852
NS_04,04,non_smoker_lung,Oligodendrocytes,6,0.0,0.012140133,0.0,0.55232847,0.64969105,0.7233088,0.47713438
NS_04,04,non_smoker_lung,T lymphocytes,111,0.28191045,0.5501438,0.07511274,0.12032067,0.40317836,0.5481815,0.31557602
NS_06,06,non_smoker_lung,B lymphocytes,30,0.013108489,0.07639848,0.29454404,0.46820772,0.21814075,0.32553566,0.20682862
NS_06,06,non_smoker_lung,Epithelial cells,84,0.007552723,0.11446069,0.50624317,0.39669627,0.30726492,0.9000743,0.1984771
NS_06,06,non_smoker_lung,Fibroblasts,46,0.016760709,0.06701474,0.29470426,0.6132298,1.2393337,0.63280046,0.18384887
NS_06,06,non_smoker_lung,MAST cells,2,0.16191536,0.0,0.36275858,0.47968882,0.6303967,0.59714967,0.2687945
NS_06,06,non_smoker_lung,Myeloid cells,440,0.097400144,0.09439324,1.2923898,2.3644063,0.544506,0.62579745,0.16311876
NS_06,06,non_smoker_lung,NK cells,118,0.31241226,2.2073963,0.22631103,0.39249486,0.3888504,0.46403947,0.28849196
NS_06,06,non_smoker_lung,Oligodendrocytes,85,0.012304444,0.059028715,0.23557876,0.52153605,0.24019234,0.4450674,0.4707997
NS_06,06,non_smoker_lung,T lymphocytes,265,0.60554755,1.4959282,0.22568056,0.3698143,0.3875152,0.49821115,0.34119913
NS_07,07,non_smoker_lung,B lymphocytes,54,0.016559104,0.02275604,0.29919955,0.06779978,0.17942698,0.19598334,0.037191864
NS_07,07,non_smoker_lung,Epithelial cells,5112,0.001845077,0.005012274,0.6709767,0.07858581,0.15460977,0.9855019,0.13130984
NS_07,07,non_smoker_lung,Fibroblasts,59,0.0,0.025943821,0.33228466,0.21403135,0.9406206,0.65904486,0.15561406
NS_07,07,non_smoker_lung,MAST cells,1,0.0,0.0,0.35826814,0.0,0.96757346,0.0,0.0
NS_07,07,non_smoker_lung,Myeloid cells,313,0.09465377,0.028375018,0.8043398,1.9464784,0.4692377,0.62136024,0.18722609
NS_07,07,non_smoker_lung,NK cells,39,0.13717763,1.2825415,0.43246254,0.024718774,0.2407053,0.5160067,0.3706152
NS_07,07,non_smoker_lung,Oligodendrocytes,25,0.011786624,0.057691596,0.41869485,0.17645065,0.20057063,0.52717805,0.5758869
NS_07,07,non_smoker_lung,T lymphocytes,127,0.09608331,0.2562398,0.4422803,0.08236731,0.3117144,0.43472528,0.16328953
NS_12,12,non_smoker_lung,B lymphocytes,9,0.04413843,0.0,0.033493027,0.16912276,0.25775126,0.21946861,0.08700727
NS_12,12,non_smoker_lung,Epithelial cells,2815,0.004660673,0.026751969,0.100439705,0.13913804,0.19409285,0.6995949,0.22642948
NS_12,12,non_smoker_lung,Fibroblasts,49,0.0,0.012571335,0.020450639,0.22591513,1.0370011,0.60772747,0.16209699
NS_12,12,non_smoker_lung,MAST cells,1,0.0,0.38230205,0.0,0.0,0.474686,0.0,0.0
NS_12,12,non_smoker_lung,Myeloid cells,286,0.05413897,0.0037973498,0.8665528,2.1467295,0.5415322,0.5347465,0.29958713
NS_12,12,non_smoker_lung,NK cells,9,0.07493366,2.1940236,0.038548745,0.074533105,0.20519795,0.6162134,0.11507499
NS_12,12,non_smoker_lung,T lymphocytes,13,0.05197666,0.6079503,0.059373513,0.11230179,0.27866027,0.19159794,0.23273179
NS_13,13,non_smoker_lung,B lymphocytes,656,0.008742109,0.0214155,0.061500736,0.14933997,0.11941633,0.17308241,0.06588185
NS_13,13,non_smoker_lung,Epithelial cells,1363,0.015281897,0.048545312,0.11322556,0.18438116,0.032683037,0.7438992,0.09759825
NS_13,13,non_smoker_lung,Fibroblasts,15,0.0,0.04153039,0.110391475,0.3531563,0.83256793,0.4431063,0.09781923
NS_13,13,non_smoker_lung,MAST cells,440,0.055137523,0.02154511,0.047370654,0.3269397,0.43629304,0.2965183,0.19049907
NS_13,13,non_smoker_lung,Myeloid cells,564,0.07789297,0.035914037,0.9617911,1.5887098,0.48821697,0.6618426,0.1812236
NS_13,13,non_smoker_lung,NK cells,57,0.15806311,2.1756015,0.07201379,0.13289066,0.20468996,0.4063908,0.12500249
NS_13,13,non_smoker_lung,Oligodendrocytes,27,0.020481464,0.05939006,0.07271341,0.4513836,0.21685448,0.42277873,0.5148646
NS_13,13,non_smoker_lung,T lymphocytes,1723,0.16616306,0.49874213,0.059178684,0.17549585,0.17825614,0.32010087,0.18762612
NS_16,16,non_smoker_lung,B lymphocytes,256,0.008032684,0.011909563,0.019578801,0.07921008,0.14226371,0.19543238,0.14254797
NS_16,16,non_smoker_lung,Epithelial cells,81,0.009045272,0.014360762,0.091764204,0.119106695,0.14279333,0.94759804,0.13889694
NS_16,16,non_smoker_lung,Fibroblasts,16,0.0,0.0,0.034639254,0.18148929,0.81356865,0.53285027,0.15465572
NS_16,16,non_smoker_lung,MAST cells,3,0.0,0.0,0.0,0.087474026,0.578811,0.08197981,0.32112697
NS_16,16,non_smoker_lung,Myeloid cells,182,0.105778076,0.02179157,1.2043637,1.9618233,0.43508974,0.33110327,0.15501693
NS_16,16,non_smoker_lung,NK cells,24,0.15436085,1.7485374,0.036651146,0.03699927,0.32758418,0.36562896,0.41220167
NS_16,16,non_smoker_lung,Oligodendrocytes,394,0.0072471304,0.009357266,0.011729918,0.101256296,0.21750443,0.4010813,0.55050474
NS_16,16,non_smoker_lung,T lymphocytes,361,0.26009637,0.81074023,0.016819779,0.052771084,0.269767,0.39205578,0.35097566
NS_17,17,non_smoker_lung,B lymphocytes,70,0.0,0.014717114,0.055715352,0.15779662,0.22191639,0.4170562,0.10126029
NS_17,17,non_smoker_lung,Epithelial cells,1117,0.003992152,0.003268898,0.0750103,0.17322257,0.24116,1.1400846,0.1908873
NS_17,17,non_smoker_lung,Fibroblasts,88,0.0059288624,0.052928817,0.11832971,0.3426003,0.8723409,0.6563947,0.20648894
NS_17,17,non_smoker_lung,MAST cells,4,0.071592264,0.071592264,0.0,0.41398075,0.5513902,0.44747332,0.32669085
NS_17,17,non_smoker_lung,Myeloid cells,651,0.07152224,0.019010859,1.0211962,2.0528607,0.47109085,0.56437516,0.16500571
NS_17,17,non_smoker_lung,NK cells,28,0.12266337,2.1981626,0.07854573,0.1570162,0.24874704,0.5839502,0.27743775
NS_17,17,non_smoker_lung,Oligodendrocytes,69,0.0036677106,0.0123972,0.03713409,0.2566027,0.26999924,0.520091,0.5901886
NS_17,17,non_smoker_lung,T lymphocytes,382,0.14983796,0.51148987,0.05198919,0.20740345,0.312556,0.60434836,0.25974
NS_19,19,non_smoker_lung,B lymphocytes,74,0.006041742,0.033180162,0.33044654,0.42686185,0.20415191,0.29296172,0.116427206
NS_19,19,non_smoker_lung,Epithelial cells,756,0.0052369726,0.014825177,0.9316409,0.412488,0.2940722,1.0404869,0.595471
NS_19,19,non_smoker_lung,Fibroblasts,170,0.008489231,0.012905293,0.36915067,0.5340334,1.1815337,0.6257927,0.17681837
NS_19,19,non_smoker_lung,Myeloid cells,1911,0.06550188,0.030951357,1.2146248,1.6487076,0.60202694,0.74016386,0.23030837
NS_19,19,non_smoker_lung,NK cells,56,0.15291655,2.3798544,0.19647868,0.22167908,0.28950638,0.403631,0.30017734
NS_19,19,non_smoker_lung,Oligodendrocytes,19,0.0,0.011676779,0.26149547,0.5594557,0.33184823,0.56149346,0.4977505
NS_19,19,non_smoker_lung,T lymphocytes,314,0.16094133,0.40644118,0.26724344,0.2838592,0.33131048,0.42256552,0.22910401
